{"deg_centrality": 0.03773584905660378, "betweenness": 0.07560608504004732, "Node_Count": 54, "Link_Count": 108}